bosa1.jpg,0
bosa2.jpg,0
bosa3.jpg,0
bosa4.jpg,0
bosa5.jpg,0
bosa6.jpg,0
bosa7.jpg,0
bosa8.jpg,0
bosa9.jpg,0
bosa10.jpg,0
bosa11.jpg,0
bosa12.jpg,0
bosa13.jpg,0
cap1.jpg,1
cap2.jpg,1
cap3.jpg,1
cap4.jpg,1
cap5.jpg,1
cap6.jpg,1
cap7.jpg,1
cap8.jpg,1
cap9.jpg,1
cap10.jpg,1
cap11.jpg,1
cap12.jpg,1
cap13.jpg,1
cap14.jpg,1
cap15.jpg,1
cap16.jpg,1
cap17.jpg,1
cap18.jpg,1
cap19.jpg,1
cap20.jpg,1
cap21.jpg,1
cap22.jpg,1
cap23.jpg,1
jack_ng1.jpg,2
jack_ng2.jpg,2
jack_ng3.jpg,2
jack_ng4.jpg,2
jack_ng5.jpg,2
jack_ng6.jpg,2
jack_ng7.jpg,2
jack_ng8.jpg,2
jack_ng9.jpg,2
jack_ng10.jpg,2
jack_ng11.jpg,2
jack_ng12.jpg,2
jack_ng13.jpg,2
jack_ng14.jpg,2
m_cap1.jpg,3
m_cap2.jpg,3
m_cap3.jpg,3
m_cap4.jpg,3
m_cap5.jpg,3
m_cap6.jpg,3
m_cap7.jpg,3
m_cap8.jpg,3
m_cap9.jpg,3
m_cap10.jpg,3
m_cap11.jpg,3
m_cap12.jpg,3
m_cap13.jpg,3
m_cap14.jpg,3
m_cap15.jpg,3
m_cap16.jpg,3
m_cap17.jpg,3
m_cap18.jpg,3
m_cap19.jpg,3
m_cap20.jpg,3
m_jack1.jpg,4
m_jack2.jpg,4
m_jack3.jpg,4
m_jack4.jpg,4
m_jack5.jpg,4
m_jack6.jpg,4
m_jack7.jpg,4
m_jack8.jpg,4
m_jack9.jpg,4
m_jack10.jpg,4
m_nut1.jpg,5
m_nut2.jpg,5
m_nut3.jpg,5
m_nut4.jpg,5
m_nut5.jpg,5
m_nut6.jpg,5
m_nut7.jpg,5
m_nut8.jpg,5
m_nut9.jpg,5
m_nut10.jpg,5
m_nut11.jpg,5
m_nut12.jpg,5
m_rst1.jpg,6
m_rst2.jpg,6
m_rst3.jpg,6
m_rst4.jpg,6
m_rst5.jpg,6
m_rst6.jpg,6
m_rst7.jpg,6
m_rst8.jpg,6
m_rst9.jpg,6
m_rst10.jpg,6
m_rst11.jpg,6
m_rst12.jpg,6
m_rst13.jpg,6
m_rst14.jpg,6
m_rst15.jpg,6
m_wps1.jpg,7
m_wps2.jpg,7
m_wps3.jpg,7
m_wps4.jpg,7
m_wps5.jpg,7
m_wps6.jpg,7
m_wps7.jpg,7
m_wps8.jpg,7
m_wps9.jpg,7
m_wps10.jpg,7
m_wps11.jpg,7
m_wps12.jpg,7
m_wps13.jpg,7
nut_ng1.jpg,8
nut_ng2.jpg,8
nut_ng3.jpg,8
nut_ng4.jpg,8
nut_ng5.jpg,8
nut_ng6.jpg,8
nut_ng7.jpg,8
nut_ng8.jpg,8
nut_ng9.jpg,8
nut_ng10.jpg,8
nut_ng11.jpg,8
nut_ng12.jpg,8
nut_ng13.jpg,8
rst1.jpg,9
rst2.jpg,9
rst3.jpg,9
rst4.jpg,9
rst5.jpg,9
rst6.jpg,9
rst7.jpg,9
rst8.jpg,9
rst9.jpg,9
rst10.jpg,9
wps1.jpg,10
wps2.jpg,10
wps3.jpg,10
wps4.jpg,10
wps5.jpg,10
wps6.jpg,10
wps7.jpg,10
wps8.jpg,10
wps9.jpg,10
wps10.jpg,10
wps11.jpg,10
wps12.jpg,10
wps13.jpg,10
wps14.jpg,10
wps15.jpg,10
